548504585249432,Sat,2014-09-27,"Button Factory"," Bedlam",0,"Sense & Bedlam - Kant + Josh Butler",16,14,10,n/a
1547249562179119,Sat,2014-12-20,"District 8"," Bedlam",0,"Bedlam presents: Patrick Topping",15,13,n/a,n/a
1596181797284048,Sat,2015-04-18,"Button Factory"," Sense",0,"The Bunker: Pris",10,n/a,n/a,n/a
533300690165667,Sat,2015-09-12,"Button Factory"," Sense",0,"Sense with Alex.Do",10,n/a,n/a,n/a
1596181797284048,Sat,2015-04-18,"Button Factory"," Sense",0,"Moda Black at Sense - Jaymo Andy George &Theo; Kottis",8,5,n/a,n/a
839790066056049,Fri,2015-06-05,"Button Factory"," Sense",0,"Sense - Slow Magic Live",10,n/a,n/a,n/a
439363939528809,Sun,2014-03-02,Sin," StrictlyDeep",1,"Strictly Deep presents Darius Syrossian",13,11,10,n/a
1517110081865244,Fri,2014-09-26,Sin," StrictlyDeep",20,"Strictly Deep presents Cristoph",15,12,n/a,n/a
1426001757706819,Sat,2015-05-23,"Opium Rooms"," Hidden Agenda",38,"Hidden Agenda: Ghost Culture",10,8,5,n/a
470199259792896,Fri,2014-05-16,"Twisted Pepper"," Bodytonic",40,"MUD: Bodytonic present DJ Yoda & DJ Kormac // Spectrum with Dave Owen",15,13,n/a,n/a
586843261379454,Sun,2013-10-27,"Bernard Shaw"," Bodytonic",46,"Beatyard: 12 & Bodytonic present The Greenhouse Effect",0,n/a,n/a,n/a
432268093625566,Sat,2015-11-14,"Opium Rooms"," Abstract",47,"Boris Werner",15,12,10,n/a
213459828820698,Sat,2013-10-26,"Button Factory"," Hidden Agenda",56,"Nightflight & Hidden Agenda present: Mano Le Tough",15,12,10,n/a
527164490668658,Sun,2013-05-12,"Bernard Shaw"," Bodytonic",61,"12: Madteo (Hinge Finger NY)",0,n/a,n/a,n/a
811757468873720,Sat,2015-03-07,"Opium Rooms"," Hidden Agenda",61,"The Revenge - Live",15,10,n/a,n/a
680811425385190,Sat,2015-08-22,"Opium Rooms"," Abstract",100,Lakuti,15,10,n/a,n/a
680811425385190,Sat,2015-08-22,"Opium Rooms"," Abstract",100,Lakuti,15,10,n/a,n/a
732092040144894,Fri,2014-05-02,"Twisted Pepper"," Bodytonic",105,"Beatyard: Bodytonic present DJ Jazzy Jeff",20,18,n/a,n/a
886616068060294,Sat,2015-08-15,"Opium Rooms"," Abstract",118,"Eagles & Butterflies",10,n/a,n/a,n/a
1532740693643559,Thu,2015-02-05,"Cyprus Avenue"," Bedlam",130,"Bedlam presents: Residents Party",n/a,n/a,n/a,n/a
112911262383386,Sun,2015-08-02,"Opium Rooms"," Abstract",135,K15,10,n/a,n/a,n/a
684257798280863,Fri,2014-01-10,"Button Factory"," Jack",135,"Paul C & Paolo Martini at Jack",10,n/a,n/a,n/a
627167464046514,Sun,2014-06-22,Sin," StrictlyDeep",138,"Strictly Deep presents Sidney Charles",12,10,n/a,n/a
1403303399973312,Sat,2015-03-07,"Cyprus Avenue"," Bedlam",142,"Bedlam Cork presents: Kidnap Kid",15,13,n/a,n/a
1418298648496523,Sat,2015-06-27,"Opium Rooms"," Abstract",147,"Kate Simko",10,n/a,n/a,n/a
1418298648496523,Sat,2015-06-27,"Opium Rooms"," Abstract",147,"Heineken & Abstract present: Kate Simko",15,12,10,n/a
438348712990167,Sat,2015-05-23,Hangar," BuildingSociety",149,"The Building Society presents: Purple Disco Machine",15,12,8,n/a
537778689617481,Sat,2013-07-13,"Button Factory"," Hidden Agenda",153,"Hidden Agenda: Lovebirds",8,5,n/a,n/a
813477688731940,Sat,2015-04-04,"Opium Rooms"," Abstract",159,"Abstract presents: Pillowtalk - Live",15,12,10,n/a
891067370986538,Fri,2015-07-31,"Opium Rooms"," Abstract",170,Martinez,10,n/a,n/a,n/a
1441232052791274,Sat,2014-06-14,"Button Factory"," Hidden Agenda",170,"Hidden Agenda & All City: Sophie & Eclair Fifi",10,8,n/a,n/a
502298526640297,Thu,2015-12-03,"Opium Rooms"," Abstract",171,"Abstract & Whelanslive present Big Daddy Kane",22,20,18,n/a
224385641048014,Sat,2013-09-28,"Twisted Pepper"," Subject",177,"Subject at Pogo - Marcel Fengler & Greg Wilson",15,13,n/a,n/a
888524387934799,Fri,2015-10-30,"Opium Rooms"," Abstract",179,"Mathew Jonson",15,12,10,n/a
1491996177791415,Fri,2015-10-16,"Opium Rooms"," Abstract",183,"Benoit & Sergio *Reschedule*",15,12,10,n/a
160282927650869,Sat,2015-12-05,"Button Factory"," Sense",185,"Sense with Scuba",15,12,n/a,n/a
921398994554831,Sat,2014-12-27,"Twisted Pepper"," Subject",189,"Subject at Pogo - Steffi & Virginia",15,13,n/a,n/a
319784504812645,Sat,2015-05-02,"Button Factory"," Sense",196,"Monkeytown Records at Sense - Dark Sky - Live & Alex Banks - Live",10,8,n/a,n/a
1504175943190057,Fri,2014-12-05,"Button Factory"," StrictlyDeep",206,"Lapsus Music Showcase / Kaily & Blandy - Back to 92 Release Party with Supernova",12,10,n/a,n/a
793775234049319,Fri,2015-02-27,"Opium Rooms"," Abstract",210,"Abstract presents: Tom Trago & Cinnaman",10,8,n/a,n/a
541693502630173,Thu,2014-11-27,"Cyprus Avenue"," Bedlam",213,"Bedlam presents: Detroit Swindle",15,13,10,n/a
1592468027680155,Sat,2015-08-29,"Opium Rooms"," Abstract",218,"Subject is 8 // P3 - Subject x Abstract - Lil Louis",15,12,10,n/a
1592468027680155,Sat,2015-08-29,"Opium Rooms"," Abstract",218,"Abstract Day Party #1 with Volkoder",10,8,n/a,n/a
484875268219201,Sat,2012-11-17,"Button Factory"," Hidden Agenda",219,"Jimmy Edgar Live",10,n/a,n/a,n/a
818296301542579,Sat,2014-12-27,"Opium Rooms"," Hidden Agenda",223,"Hidden Agenda: Danny Krivit & House of Disco",15,12,10,n/a
769742093057112,Sat,2014-06-28,"Button Factory"," Hidden Agenda",225,"Hidden Agenda & Lunar Disko present Objekt",8,5,n/a,n/a
845622015505548,Sat,2015-07-11,"Opium Rooms"," Abstract",226,Hunter/Game,10,n/a,n/a,n/a
687793714642280,Fri,2014-09-26,Sin," StrictlyDeep",226,"Strictly Deep presents Cristoph",15,12,n/a,n/a
461091944047595,Sat,2015-04-04,Hangar," BuildingSociety",232,"The Building Society presents DJ T",15,12,n/a,n/a
742237482490612,Fri,2014-08-29,"Opium Rooms"," Abstract",233,"Abstract presents Recondite (Live)",12,10,8,n/a
139390239540487,Sat,2012-10-13,"Button Factory"," Hidden Agenda",239,"Hidden Agenda & u:Mack presents Kwes & Lemonada",n/a,n/a,n/a,n/a
364070950450077,Sat,2015-08-15,"Button Factory"," Sense",248,"Sense with Eli & Fur",10,n/a,n/a,n/a
797254746994419,Thu,2015-03-26,"Twisted Pepper"," StrictlyDeep",249,"Strictly Deep & Room 19 presents Cera Alba",12,10,n/a,n/a
1433892633600174,Fri,2015-07-10,Pacinos," Subject",249,"Subject - DJ QU",12,10,n/a,n/a
1024804907539612,Fri,2015-12-04,"Opium Rooms"," Abstract",250,"Abstract & Strictly Deep present Doorly",15,12,10,n/a
1455119238054977,Fri,2014-04-04,Sin," StrictlyDeep",250,"Strictly Deep presents Yousef",15,13,n/a,n/a
392778644250159,Sat,2015-07-25,"Opium Rooms"," Abstract",251,"Discotech: Tiago Black",10,8,n/a,n/a
1608592702714657,Sat,2015-06-13,"Button Factory"," Sense",252,"Sense - ",10,n/a,n/a,n/a
898259630263843,Sat,2015-09-12,"Opium Rooms"," Abstract",253,"Abstract presents Adam Freeland",15,12,10,n/a
305482749575522,Sat,2015-09-19,"Opium Rooms"," Abstract",259,"Job Jobse & Cinnaman B2B",15,12,10,n/a
1010530988980571,Fri,2015-07-17,"Opium Rooms"," Abstract",260,"Mind Against & Lauren Lane at Opium Rooms 1st Birthday Weekender",15,12,n/a,n/a
342898732471785,Sat,2012-10-06,"Button Factory"," Hidden Agenda",266,"Bondax + Ifan Dafydd + CLU",10,8,n/a,n/a
628104683905553,Fri,2014-01-31,"Button Factory"," Jack",268,"Nic Fanciulli & Alex Tepper at Jack",10,n/a,n/a,n/a
181237315400220,Fri,2013-11-29,"Button Factory"," Jack",276,"Jack & Abstract present: Laura Jones",10,n/a,n/a,n/a
193652150804971,Sat,2014-12-20,Hangar," BuildingSociety",293,"Special Request - The Building Society",15,10,5,n/a
1385024965046925,Sun,2013-08-04,"Twisted Pepper"," Subject",295,"Subject - Derrick May",16,14,n/a,n/a
712267438883107,Fri,2015-06-12,Pacinos," Connection",298,"Mike Huckaby - Late Night Street Party",15,12,n/a,n/a
712267438883107,Fri,2015-06-12,Pacinos," Connection",298,"Connection & Culture Shock Pres Mike Huckaby",15,12,n/a,n/a
291843267669813,Sat,2014-09-06,"Button Factory"," Hidden Agenda",299,"Hidden Agenda & Malibu Club: D.I.S.C.O",n/a,n/a,n/a,n/a
291843267669813,Sat,2014-09-06,"Button Factory"," Hidden Agenda",299,"Hidden Agenda & Malibu Club: D.I.S.C.O",n/a,n/a,n/a,n/a
872601642778633,Sat,2015-04-18,"Button Factory"," Sense",299,"The Bunker: Pris",10,n/a,n/a,n/a
872601642778633,Sat,2015-04-18,"Button Factory"," Sense",299,"Moda Black at Sense - Jaymo Andy George &Theo; Kottis",8,5,n/a,n/a
898300816950615,Sat,2015-11-14,Hangar," BuildingSociety",300,"Strictly Deep is 3: Steve Bug - Day / Night Party",15,12,n/a,n/a
564964600271803,Fri,2015-01-30,"Opium Rooms"," Abstract",301,"Abstract presents Max Cooper",12,8,n/a,n/a
1611279155779974,Sun,2015-05-31,"Opium Rooms"," Abstract",304,"Exit Festival Launch Party with Klangkarussell",20,15,12,n/a
1558302517777163,Sat,2015-05-16,Hangar," BuildingSociety",311,"[POSPONED] The Building Society presents Aeroplane is Currently Being Rescheduled to a Later Date",15,12,n/a,n/a
708868719158209,Sat,2013-11-30,"Twisted Pepper"," Subject",311,"Subject at Pogo - Dave Clarke & Sunil Sharpe",20,18,n/a,n/a
986423648088352,Sun,2015-10-25,"Opium Rooms"," Abstract",320,Apollonia,20,18,15,12
337599806439001,Sat,2015-04-18,Hangar," BuildingSociety",321,"The Building Society: Ultramajic Showcase - Jimmy Edgar L-Vis 1990",18,15,12,n/a
713437105406581,Sat,2014-12-06,"Button Factory"," Sense",321,"Sense Series - Karma Kid Eli & Fur",15,12,10,8
788273497929682,Sat,2015-03-07,Hangar," BuildingSociety",322,"The Building Society presents: Miss Kittin",18,15,n/a,n/a
165092380505546,Sat,2015-11-21,"Opium Rooms"," Abstract",325,"Ben Pearce & Abstract present: The Sextape Series",15,12,10,n/a
1112953742049907,Fri,2015-10-02,"Opium Rooms"," Abstract",328,"Bella Sarris",15,12,10,n/a
340094982816231,Fri,2014-09-12,"Button Factory"," Jack",330,"Felix Da Housecat",15,n/a,n/a,n/a
110147835985878,Sat,2015-08-08,"Button Factory"," Sense",330,"Sense with Mak & Pasteman",10,n/a,n/a,n/a
594762147271656,Fri,2014-02-21,Sin," StrictlyDeep",333,"Strictly Deep presents Richy Ahmed",15,12,10,n/a
791653367608569,Sat,2015-07-04,"Opium Rooms"," Abstract",342,"Danny Daze",10,n/a,n/a,n/a
1450979988559405,Sat,2015-10-10,"Button Factory"," Sense",346,"Sense with Max Cooper",12,10,n/a,n/a
483128781839929,Sat,2015-05-23,Hangar," BuildingSociety",350,"The Building Society presents: Purple Disco Machine",15,12,8,n/a
1539210086366683,Fri,2015-05-08,"Opium Rooms"," Abstract",358,"Wunderground & Abstract presents: Apollonia",20,18,15,12
496915113732422,Fri,2013-10-04,"Button Factory"," Jack",371,"Infinity Ink Eagles & Butterflies",12,n/a,n/a,n/a
366138160241966,Sat,2015-07-11,"Button Factory"," Sense",371,"Sense - Joran Van Pol",10,8,n/a,n/a
1433492053540790,Fri,2013-12-13,"Button Factory"," Jack",382,"Claptone at Jack",10,n/a,n/a,n/a
335849569939301,Tue,2015-03-17,"Button Factory"," Bedlam",386,"Sense & Bedlam Paddy's Day Party Together with Russ Chimes",10,8,5,n/a
432633140180421,Fri,2013-11-08,"Button Factory"," Jack",389,"Jack + POD present: Joris Voorn",20,18,15,n/a
1571973673055961,Sat,2015-04-11,"Opium Rooms"," Bedlam",394,"Hidden Agenda & Bedlam: Bob Moses & Dreems",12,10,n/a,n/a
1571973673055961,Sat,2015-04-11,"Opium Rooms"," Hidden Agenda",394,"Hidden Agenda & Bedlam: Bob Moses & Dreems",12,10,n/a,n/a
524798547661059,Sat,2015-02-07,Hangar," BuildingSociety",395,"The Building Society & Hangar presents: Greg Wilson",15,12,n/a,n/a
580695815321803,Fri,2013-10-18,"Button Factory"," Jack",395,"Jack + POD presents: Gesaffelstein",15,n/a,n/a,n/a
623131817813814,Sat,2015-02-21,Hangar," BuildingSociety",403,"The Building Society presents Benjamin Damage & Frank B",12,10,n/a,n/a
1572041286352460,Sat,2014-12-20,"Twisted Pepper"," Subject",415,"Subject at Pogo - Ben Sims & Fish Go Deep",15,n/a,n/a,n/a
323239624538035,Sat,2015-01-31,Hangar," BuildingSociety",417,"The Building Society: The Field [Live]",15,12,10,n/a
554815897994022,Sun,2015-04-05,"Button Factory"," Sense",427,"Sense & Welcome - Mosca & Kowton",10,8,n/a,n/a
432471473569651,Sat,2015-03-07,Hangar," BuildingSociety",429,"The Building Society presents: Miss Kittin",18,15,n/a,n/a
431302220364475,Fri,2015-06-26,"Opium Rooms"," Abstract",430,"Recondite (Live) Will Kinsella (Live)",15,12,10,n/a
936000836444148,Sun,2015-04-05,Hangar," BuildingSociety",440,"The Building Society presents: Art Department",20,17,15,10
519432131526020,Fri,2014-11-28,"Opium Rooms"," Abstract",448,"Abstract & Wolf Music present Detroit Swindle (Live)",15,12,10,n/a
1594896697400773,Fri,2015-02-27,Sin," StrictlyDeep",450,"Strictly Deep presents Darius Syrossian",15,12,10,n/a
950162438388908,Sat,2015-09-26,"Opium Rooms"," Abstract",453,"Abstract presents Oliver Dollar",15,12,10,n/a
604059736380327,Sat,2014-07-19,"Button Factory"," Hidden Agenda",457,"Hidden Agenda & Bedlam: Wave Racer",5,n/a,n/a,n/a
177984979202190,Sat,2015-11-21,"Button Factory"," Sense",459,"Sense with Paul Woolford",13,10,n/a,n/a
192625591071682,Fri,2015-10-23,Hangar," BuildingSociety",472,"Hangar 1st Birthday Weekender w/ Sunil Sharpe",12,10,6,n/a
804122973034078,Sat,2015-10-24,"Button Factory"," Sense",481,"Sense with My Nu Leng Woz & Mumdance",13,10,n/a,n/a
1583992588495885,Sat,2014-11-29,"Opium Rooms"," Hidden Agenda",486,"Hidden Agenda & The Building Society: Vitalic (Dj Set)",12,10,n/a,n/a
883052891757777,Sat,2015-04-11,Hangar," BuildingSociety",488,"F.O.E: Paul Birken Headless Horseman & Sunil Sharpe",15,12,10,n/a
1554329631457602,Fri,2014-10-24,"Button Factory"," Jack",490,"Pleasurekraft at Jack",20,17,n/a,n/a
1486708538236995,Sat,2014-10-04,"Opium Rooms"," Abstract",493,"Abstract present DJ Sneak All-Day BBQ Party",15,12,10,n/a
785324348220861,Sat,2015-03-28,Hangar," BuildingSociety",495,"The Building Society: Objekt Snakehips Defekt",15,12,10,n/a
633983883327674,Fri,2014-02-14,Savoy," Jack",502,"Waze & Odyssey + Flashmob",10,n/a,n/a,n/a
545731508889334,Sat,2014-09-20,"Opium Rooms"," Hidden Agenda",505,"Hidden Agenda: Pantha Du Prince [Live]",12,10,n/a,n/a
623536541017149,Fri,2014-02-28,"Button Factory"," Jack",507,"Jack presents: Pleasurekraft & Bontan",12,n/a,n/a,n/a
1024437360906407,Sat,2015-04-11,"Button Factory"," Sense",509,"Sense - Deetron",15,12,10,n/a
912723078739014,Fri,2014-11-21,"Opium Rooms"," Abstract",512,"Abstract present The Martinez Brothers",15,12,10,n/a
764733713644078,Sat,2015-07-18,"Opium Rooms"," Abstract",512,"Krystal Klear at Opium Rooms 1st Birthday Weekender",10,n/a,n/a,n/a
988947024466104,Sat,2015-03-07,"Button Factory"," Sense",516,"Sense - Coyu",10,8,n/a,n/a
1698830700346203,Fri,2015-11-06,"Mandela Hall"," Hidden Agenda",525,"Flight Facilities (Live) & Greg Wilson",15,12,n/a,n/a
1475021312826618,Sat,2015-12-26,"Button Factory"," Sense",533,"Sense with Dense & Pika and Special Guest",15,12,10,n/a
840559726017558,Sat,2015-05-23,"Button Factory"," Sense",544,"Sense - Dimitri From Paris",15,12,10,n/a
660562014054131,Sat,2015-03-28,"Button Factory"," Sense",546,"Black Butter Records At Sense - Kant Applebottom Wayward Sam Sure",14,12,10,n/a
922316077790713,Fri,2015-07-03,"Opium Rooms"," Abstract",550,"Abstract X Subject: Magic Mountain High (Live)",10,n/a,n/a,n/a
922316077790713,Fri,2015-07-03,"Opium Rooms"," Subject",550,"Abstract X Subject: Magic Mountain High (Live)",10,n/a,n/a,n/a
538051592911027,Fri,2013-09-20,"Button Factory"," Jack",552,"Flashmob & Prince Club",10,n/a,n/a,n/a
900975589970702,Fri,2015-12-04,"District 8"," District8",556,"Octave One",18,15,n/a,n/a
1442543612685566,Sat,2014-08-09,"Button Factory"," Hidden Agenda",559,"Hidden Agenda & Bedlam: Xxyyxx",15,12,10,n/a
710961559038456,Sat,2015-11-14,"Button Factory"," Sense",566,"Hidden Agenda & Sense: Bob Moses",12,10,n/a,n/a
414223872115791,Sat,2015-10-10,"Opium Rooms"," Abstract",572,"Abstract & Whelanslive present Beardyman",20,n/a,n/a,n/a
1582790038647632,Fri,2015-07-24,"Opium Rooms"," Abstract",579,"DJ Isleo'man & DJ Muscles",10,n/a,n/a,n/a
1582790038647632,Fri,2015-07-24,"Opium Rooms"," Abstract",579,"Josh Wink",10,n/a,n/a,n/a
1595864050703316,Sat,2015-06-27,Hangar," BuildingSociety",584,"Tune Drop Takeover",10,8,5,n/a
658711217589458,Sat,2015-03-28,"The Pint"," Bedlam",585,"Bedlam Residents Party",10,8,n/a,n/a
325729994301538,Sat,2015-01-24,Hangar," BuildingSociety",592,"F.O.E: Neil Landstrumm Jerome Hill & Sunil Sharpe",15,12,10,n/a
847013911986333,Sat,2015-02-07,"Button Factory"," Sense",593,"Sense - Alex.Do",7,5,n/a,n/a
453571404824356,Sat,2015-08-22,"The Sugar Club"," Hidden Agenda",595,"Hidden Agenda & Malibu Club - Summer Jam",10,8,5,n/a
459777790873260,Sun,2015-10-25,"District 8"," Connection",598,"Ostgut Ton Zehn / Jeremy Underground & Soundstream",20,18,15,n/a
674982065942276,Sat,2014-12-13,Hangar," BuildingSociety",599,"The Building Society & Hangar present: Dimitri From Paris",18,n/a,n/a,n/a
1472282809686203,Fri,2014-09-19,"Button Factory"," Jack",602,Flashmob,20,15,10,n/a
1466473710312291,Sat,2015-08-29,"Button Factory"," Sense",603,"Sense with A Guy Called Gerald",12,10,n/a,n/a
1007416236005019,Fri,2015-09-25,Hangar," BuildingSociety",622,"Technotic 10th Birthday",10,8,6,n/a
1044769205536391,Fri,2015-09-18,"Opium Rooms"," Abstract",638,"Abstract presents Dj Sneak",15,12,10,n/a
878903545517847,Fri,2015-09-25,"Opium Rooms"," Abstract",640,"Abstract & Bedlam present Seff",15,12,10,n/a
878903545517847,Fri,2015-09-25,"Opium Rooms"," Bedlam",640,"Abstract & Bedlam present Seff",15,12,10,n/a
719123354825355,Sat,2014-11-15,"Button Factory"," Sense",640,"Sense Series - DJ EZ Ossie & Bobofunk",17,15,12,10
1666690830283011,Sat,2015-07-18,"Button Factory"," Sense",642,"Sense - Bodhi",10,8,n/a,n/a
1488361764780250,Fri,2014-10-31,"Opium Rooms"," Abstract",647,"Abstract 3rd Bday with Groove Armada (DJ SET)",30,25,20,n/a
362600497244843,Sat,2015-05-09,Hangar," BuildingSociety",673,"The Building Society & Zeshwan presents: Dustin Zahn",15,10,8,n/a
733297290083169,Fri,2014-12-26,"Opium Rooms"," Abstract",679,"Abstract X Together Disco presents: Krystal Klear",12,10,n/a,n/a
945844448811489,Sat,2015-08-22,"Button Factory"," Sense",712,"Sense with Guy Gerber",15,n/a,n/a,n/a
1400860600214613,Sat,2015-03-14,"Twisted Pepper"," Bodytonic",716,"Pogo: Dimensions 2015 Launch Party with Bicep & More || Welcome Pres. Mssingno",15,13,n/a,n/a
1525259397726378,Sat,2015-02-14,Hangar," BuildingSociety",735,"Clouds & Tessela: The Building Society 1ST Birthday Party",15,12,n/a,n/a
609404645789412,Fri,2013-12-13,"Twisted Pepper"," Subject",741,"Subject at Mud - Kerri Chandler",20,18,n/a,n/a
1415605315324441,Sun,2013-10-27,"The Village"," Jack",754,"MK at Jack Bank Holiday Sunday",20,n/a,n/a,n/a
157355044613918,Sat,2015-10-31,"Opium Rooms"," Abstract",758,"Mylo (DJ set)",20,18,15,12
637849559652442,Sat,2015-03-21,"Button Factory"," Bedlam",762,"Sense & Bedlam - Citizen",10,8,5,n/a
637849559652442,Sat,2015-03-21,"Button Factory"," Sense",762,"Sense & Bedlam - Citizen",10,8,5,n/a
1501701363463526,Sat,2015-11-07,"District 8"," Hidden Agenda",774,"Metropolis Night with Flight Facilities & Alle Farben",n/a,n/a,n/a,n/a
831018260330012,Fri,2015-09-04,Hangar," BuildingSociety",776,"Techno & Cans presents: Bjarki [Live]",12,10,8,n/a
460080850838748,Sat,2015-11-28,"District 8"," District8",776,"Levon Vincent & Fred P aka Black Jazz Consortium",18,15,12,n/a
698963536858501,Sat,2014-11-29,"District 8"," Subject",791,"Subject x Surge - Surgeon & TR\ER",18,15,n/a,n/a
1375311229405478,Mon,2014-03-17,"Twisted Pepper"," BuildingSociety",796,"The Building Society: St. Patrick's Day Feat. Tale Of Us Artful Dodger Florian Kupfer",15,n/a,n/a,n/a
1406707629632304,Sun,2015-05-03,Hangar," BuildingSociety",800,"The Building Society: Chris Liebing",22,20,15,n/a
614722151971411,Sat,2015-02-28,"Button Factory"," Sense",865,"Sense - Paul Woolford",14,12,8,n/a
654240504707870,Sun,2015-05-03,"Opium Rooms"," Abstract",875,"Mano Le Tough",20,18,15,n/a
1397689963863685,Sat,2015-02-28,Hangar," BuildingSociety",881,"The Building Society: Flashmob",15,12,10,n/a
893420627377646,Sat,2015-11-28,"Button Factory"," Sense",885,"Sense with George Fitzgerald",15,12,n/a,n/a
493136920839735,Sat,2015-07-25,Hangar," Hidden Agenda",896,"Hidden Agenda & The Building Society: tienne De Crcy",15,12,10,n/a
414911125284951,Fri,2013-09-13,"Button Factory"," Jack",955,"Fritz Kalkbrenner at Jack",20,17,15,n/a
691628104287918,Sat,2015-02-21,"Button Factory"," Sense",971,"Sense - Chris Lorenzo",10,8,n/a,n/a
1543110419272720,Fri,2015-05-08,"Button Factory"," StrictlyDeep",972,"Strictly Deep presents Waff",15,12,10,n/a
537448409657496,Sat,2013-11-16,"The Academy"," Sense",974,"Sense Live _ Redlight (UK)",15,10,8,n/a
549091808479903,Fri,2013-10-25,"Button Factory"," Jack",981,"Jack presents: MK",20,15,n/a,n/a
953974314675810,Sat,2015-12-26,"Opium Rooms"," Abstract",988,"Dave Clarke Stephens Day",18,15,12,10
953974314675810,Sat,2015-12-26,"Opium Rooms"," Subject",988,"Dave Clarke Stephens Day",18,15,12,10
1491437554487866,Sat,2015-10-03,Hangar," BuildingSociety",994,"The Building Society with Fake Blood",15,12,10,n/a
1647815138792197,Fri,2015-11-20,"District 8"," District8",1020,"Ben Sims & Randomer",20,18,15,n/a
1026269644058790,Fri,2015-10-16,"District 8"," District8",1036,"Derrick May",20,18,15,n/a
328979663975597,Wed,2014-12-31,"Twisted Pepper"," Bodytonic",1040,"Bodytonic & Subject's Happy New Year",15,12,n/a,n/a
1669911256585223,Fri,2015-11-27,Hangar," BuildingSociety",1042,"Strictly Deep IS 3: Sidney Charles & Sante",20,17,15,3
974922309238908,Sat,2015-10-17,Hangar," BuildingSociety",1042,"Strictly Deep with Leftwing & Kody",15,12,n/a,n/a
794268530654697,Fri,2015-04-24,"Opium Rooms"," Abstract",1043,"Abstract presents: Gui Boratto",20,18,15,12
478256779009574,Sat,2015-11-07,Hangar," BuildingSociety",1054,"Strictly Deep is 3: Waff",17,15,13,n/a
1602942086603207,Sat,2015-05-09,"Button Factory"," Sense",1076,"Sense - Low Steppa",10,n/a,n/a,n/a
288195068054837,Thu,2014-12-18,"Twisted Pepper"," Subject",1100,"Subject - Kerri Chandler",20,18,10,n/a
439716696206771,Fri,2015-09-11,"Button Factory"," Paradox",1102,"Paradox presents Marco Bailey",15,12,10,n/a
295878803869342,Sat,2015-09-19,"Corrib Princess"," Hidden Agenda",1118,"Hidden Agenda Boat Party After Party",10,n/a,n/a,n/a
1612439282356850,Sun,2015-10-25,Hangar," BuildingSociety",1122,"Cuartero - Bank Holiday Special Strictly Deep x TBS",15,12,n/a,n/a
1002506386442158,Fri,2014-12-26,"Button Factory"," Jack",1126,"Matador (Live)",20,12,10,n/a
1537562019795865,Fri,2014-10-10,"District 8"," Bedlam",1133,"Bedlam presents: Klingande-Tickets Available on the Door",15,n/a,n/a,n/a
1628512544077772,Fri,2015-10-16,Hangar," BuildingSociety",1147,"Techno & Cans presents: Clouds [Live]",15,12,10,n/a
924476347573473,Sat,2015-06-20,Hangar," BuildingSociety",1160,"The Building Society & Strictly Deep feat. Sant",15,12,10,n/a
907377242659335,Fri,2015-02-13,"Button Factory"," StrictlyDeep",1184,"Strictly Deep presents Mark Fanciulli",15,12,10,n/a
444974279016073,Sat,2015-10-03,"Button Factory"," Sense",1195,"Sense with Chris Lorenzo",15,12,n/a,n/a
1466581620326552,Sat,2015-10-17,"Button Factory"," Sense",1195,"Sense with Secondcity",17,15,n/a,n/a
1454258331569484,Sat,2015-09-12,Hangar," Subject",1196,"Subject x The Building Society - Perc & Jon Hussey",15,12,10,n/a
738920636143910,Wed,2014-12-31,"Opium Rooms"," Abstract",1242,"Abstract & Hidden Agenda present NYE with Phil Hartnoll - Orbital DJ Set",25,20,n/a,n/a
738920636143910,Wed,2014-12-31,"Opium Rooms"," Hidden Agenda",1242,"Abstract & Hidden Agenda present NYE with Phil Hartnoll - Orbital DJ Set",25,20,n/a,n/a
514238712036258,Sat,2014-08-23,"Button Factory"," Hidden Agenda",1248,"Hidden Agenda: Waze & Odyssey",15,12,n/a,n/a
514238712036258,Sat,2014-08-23,"Button Factory"," Hidden Agenda",1248,"Hidden Agenda: Waze & Odyssey",15,12,n/a,n/a
824440954318874,Sat,2015-08-29,"Opium Rooms"," Abstract",1250,"Subject is 8 // P3 - Subject x Abstract - Lil Louis",15,12,10,n/a
824440954318874,Sat,2015-08-29,"Opium Rooms"," Abstract",1250,"Abstract Day Party #1 with Volkoder",10,8,n/a,n/a
1383014075323063,Fri,2014-12-12,"District 8"," Subject",1304,"Subject x Surge - Dave Clarke & Perc",18,15,n/a,n/a
688472067851691,Sat,2015-09-26,"Button Factory"," Sense",1315,"Sense with Boddika",13,10,n/a,n/a
1174123095938272,Sat,2015-09-26,"District 8"," Bodytonic",1323,"Hidden Agenda & Bodytonic: Simian Mobile Disco",12,10,n/a,n/a
1174123095938272,Sat,2015-09-26,"District 8"," Hidden Agenda",1323,"Hidden Agenda & Bodytonic: Simian Mobile Disco",12,10,n/a,n/a
1537238776492668,Sat,2014-11-29,"District 8"," Subject",1370,"Subject x Surge - Surgeon & TR\ER",18,15,n/a,n/a
1587409194865136,Fri,2015-10-09,"Button Factory"," Paradox",1398,"Paradox presents Format B",18,15,12,10
1561732750747304,Fri,2015-03-06,"District 8"," Bedlam",1476,"Bedlam presents: Andhim & Kidnap Kid",15,13,n/a,n/a
1621018678130979,Fri,2015-05-22,"Button Factory"," Sense",1480,"Sense & Strictly Deep - Sidney Charles",15,12,10,n/a
480629998761671,Sat,2015-07-18,Hangar," BuildingSociety",1484,"The Building Society presents: Ejeca & Chambray",18,15,n/a,n/a
893047244119678,Sat,2015-10-10,Hangar," BuildingSociety",1484,"Strictly Deep presents: Bontan",15,12,10,n/a
1450786168584297,Sat,2015-10-24,"District 8"," Bedlam",1538,"Pan-Pot & Ian O' Donovan",20,18,15,n/a
1450786168584297,Sat,2015-10-24,"District 8"," District8",1538,"Pan-Pot & Ian O' Donovan",20,18,15,n/a
905499992818158,Fri,2015-05-01,"District 8"," Paradox",1572,"Paradox presents - Andrs",15,12,10,n/a
705601306210688,Sun,2015-07-26,"Opium Rooms"," Connection",1590,"Subject x Connection - Secretsundaze",15,10,5,n/a
478527722319046,Sat,2015-11-28,Hangar," Hidden Agenda",1594,"Vitalic (Live)",15,12,10,n/a
508697069233945,Sat,2014-12-06,"District 8"," Bedlam",1598,"Bedlam presents: Gesaffelstein",17,15,n/a,n/a
949933128397749,Sat,2015-10-03,"District 8"," District8",1612,"The 2 Bears",20,18,15,n/a
949933128397749,Sat,2015-10-03,"District 8"," Hidden Agenda",1612,"The 2 Bears",20,18,15,n/a
743814765741269,Sat,2015-09-26,Hangar," BuildingSociety",1624,"Bleep Test with Dungeon Meat",15,12,10,n/a
1573388436209433,Sat,2015-02-14,"District 8"," Bedlam",1636,"District 8 Valentines Ball: Richy Ahmed",17,15,13,n/a
147553442248190,Fri,2015-10-09,Hangar," Hidden Agenda",1642,Barnt,12,10,5,n/a
1396652320646081,Sat,2015-04-18,"District 8"," Paradox",1650,"Paradox presents - Paul Ritch",18,15,12,10
526277774196592,Sat,2015-12-26,Hangar," BuildingSociety",1676,"Ejeca - Stephen's Day / The Building Society & Strictly Deep",20,17,n/a,n/a
768370346544528,Fri,2015-01-30,"District 8"," Subject",1714,"Subject x Surge - Ostgut Ton Nacht: Function Norman Nodge & Fiedel",20,18,15,n/a
1729344433960339,Sat,2015-10-31,Hangar," BuildingSociety",1832,"Halloween Warehouse Massacre: Tube & Berger Juliet Sikora",18,14,n/a,n/a
1702088143351196,Sat,2015-03-21,"District 8"," Hidden Agenda",1856,"John Talabot Marc Piol & Dani Baughman - Hivern Discs Showcase",20,18,10,n/a
1507012566220631,Thu,2014-12-11,"District 8"," Bedlam",1908,"Bedlam presents: Bakermat",17,15,n/a,n/a
107054732982851,Fri,2015-09-25,"District 8"," District8",1918,Dvs1,18,15,n/a,n/a
125240177826305,Sun,2015-10-25,"Button Factory"," Sense",2080,"Sense with Jungle DJ Set",15,13,n/a,n/a
731491693631487,Sat,2015-04-25,Hangar," BuildingSociety",2082,"The Building Society presents: Route 94",20,17,15,n/a
764076067008118,Sat,2015-04-11,"District 8"," Paradox",2126,"Paradox presents - Butch",18,15,12,n/a
688337041267348,Fri,2015-10-02,"District 8"," District8",2196,"Trade (Blawan + Surgeon) & Sunil Sharpe",20,18,15,n/a
688337041267348,Fri,2015-10-02,"District 8"," Subject",2196,"Trade (Blawan + Surgeon) & Sunil Sharpe",20,18,15,n/a
1552101058375081,Fri,2015-04-24,"District 8"," Bedlam",2378,"Bedlam presents: Pleasurekraft & Luigi Madonna",20,17,15,13
1421985974768064,Sat,2015-06-13,Hangar," BuildingSociety",2408,"The Building Society presents Lee Foss",22,18,15,n/a
397401010384888,Sun,2015-04-05,"District 8"," Subject",2667,"Subject x Motion x Connection - Genius Of Time & Jeremy Underground",18,15,12,n/a
967757073237421,Sun,2015-05-03,"Button Factory"," Sense",2806,"Jeff Mills",25,23,20,n/a
311178335759777,Wed,2014-12-31,"District 8"," Bedlam",2968,"Bedlam presents: NYE feat. Klsch",25,20,n/a,n/a
341228979416730,Fri,2015-02-06,"District 8"," Bedlam",3034,"Bedlam presents: Huxley & Motez",17,15,13,n/a
752290964898786,Fri,2015-12-11,"District 8"," District8",3198,Bicep,20,18,15,n/a
1581675248764746,Sat,2015-08-01,"District 8"," Subject",3256,"Subject is 8 // P1 - Subject x Surge - Robert Hood aka Floorplan",20,18,15,n/a
1589579561308193,Fri,2015-08-28,"District 8"," Subject",3300,"Subject is 8 // P2 - Subject x Bodytonic - Marcel Dettmann",20,18,15,n/a
358089231049023,Sun,2015-05-03,"District 8"," Subject",3364,"Subject x Surge x Bodytonic - Karenn [Live] Don Williams & Sunil Sharpe",20,18,15,n/a
1923690831189302,Sun,2015-10-25,"District 8"," Connection",3618,"Ostgut Ton Zehn / Jeremy Underground & Soundstream",20,18,15,n/a
1923690831189302,Sun,2015-10-25,"District 8"," District8",3618,"Ostgut Ton Zehn / Jeremy Underground & Soundstream",20,18,15,n/a
1923690831189302,Sun,2015-10-25,"District 8"," Subject",3618,"Ostgut Ton Zehn / Jeremy Underground & Soundstream",20,18,15,n/a
403194663224802,Sat,2015-07-11,"District 8"," Bedlam",3726,"Bedlam & Connection present: Huxley & Voiski",15,12,n/a,n/a
403194663224802,Sat,2015-07-11,"District 8"," Connection",3726,"Bedlam & Connection present: Huxley & Voiski",15,12,n/a,n/a
180640812270525,Mon,2015-12-28,"District 8"," District8",3912,"Ben Klock",20,18,15,n/a
650587821734301,Sat,2015-02-21,"District 8"," Subject",4050,"Subject & Bodytonic - Kerri Chandler",20,18,n/a,n/a
1640222229547720,Sat,2015-11-07,RDS," Hidden Agenda",5000,"Metropolis Festival",79,n/a,n/a,n/a
686764808091577,Sat,2015-10-10,"District 8"," District8",6308,"Skream & Omar S",20,18,15,n/a
1195118497171005,Sat,2015-10-31,"District 8"," Hidden Agenda",7374,"Halloween: Moodymann The Cyclist Toby Kaar Forrests & DJ Deece",20,18,15,n/a
1195118497171005,Sat,2015-10-31,"District 8"," Subject",7374,"Halloween: Moodymann The Cyclist Toby Kaar Forrests & DJ Deece",20,18,15,n/a
